{
	"name": "testfresh",
	"type": "light",
	"colors": {
		"editor.background": "#ebebeb",
		"editor.foreground": "#000000"
	},
	"tokenColors": [
		//{
		//	"settings": {
		//		"foreground": "#333333ff",
		//		"background": "#f5f5f5ff"
		//	}
		//},	
		{
			"name": "source",
			"scope": "source",
			"settings": {
				"fontStyle": "bold",
				"foreground": "#000000"
			}
		},
		{
			"name": "Parentheses",
			"scope": "Parentheses",
			"settings": {
				"fontStyle": "bold",
				"foreground": "#fc0404"
			}
		},
		{
			"name": "Comments",
			"scope": [
				"comment",
				"punctuation.definition.comment"
			],
			"settings": {
				"fontStyle": "italic",
				"foreground": "#9611b1",
				//"background": "#fc0404"
			}
		},
		{
			"name": "Comments: Preprocessor",
			"scope": "comment.block.preprocessor",
			"settings": {
				"fontStyle": "",
				"foreground": "#AAAAAA"
			}
		},
		{
			"name": "Comments: Documentation",
			"scope": [
				"comment.documentation",
				"comment.block.documentation"
			],
			"settings": {
				"foreground": "#8ea385"
			}
		},
		{
			"name": "Invalid - Deprecated",
			"scope": "invalid.deprecated",
			"settings": {
				//"background": "#96000014"
			}
		},
		{
			"name": "Invalid - Illegal",
			"scope": "invalid.illegal",
			"settings": {
				//"background": "#96000014",
				"foreground": "#660000"
			}
		},
		{
			"name": "Operators",
			"scope": "keyword.operator",
			"settings": {
				"foreground": "#777777"
			}
		},
		{
			"name": "Keywords",
			"scope": [
				"keyword",
				"storage"
			],
			"settings": {
				"fontStyle": "bold",
				"foreground": "#0011ff"
			}
		},
		{
			"name": "Types",
			"scope": [
				"storage.type",
				"support.type"
			],
			"settings": {
				"fontStyle": "bold",
				"foreground": "#0011ff"
			}
		},
		{
			"name": "Language Constants",
			"scope": [
				"constant.language",
				"support.constant",
				"variable.language"
			],
			"settings": {
				"fontStyle": "bold",
				"foreground": "#0011ff"
			}
		},
		{
			"name": "Variables",
			"scope": [
				"variable",
				"support.variable"
			],
			"settings": {
				"foreground": "#7A3E9D"
			}
		},
		{
			"name": "Functions",
			"scope": [
				"entity.name.function",
				"support.function"
			],
			"settings": {
				"fontStyle": "bold",
				"foreground": "#000000"
			}
		},
		{
			"name": "Classes",
			"scope": [
				"entity.name.type",
				"entity.other.inherited-class",
				"support.class"
			],
			"settings": {
				"fontStyle": "bold",
				"foreground": "#7A3E9D"
			}
		},
		{
			"name": "Exceptions",
			"scope": "entity.name.exception",
			"settings": {
				"foreground": "#660000"
			}
		},
		{
			"name": "Sections",
			"scope": "entity.name.section",
			"settings": {
				"fontStyle": "bold"
			}
		},
		{
			"name": "Numbers, Characters",
			"scope": [
				"constant.numeric",
				//"constant.character",
				"constant"
			],
			"settings": {
				"foreground": "#288828"
			}
		},
		{
			"name": "Strings",
			"scope": "string",
			"settings": {
				"fontStyle": "bold",
				"foreground": "#f109d2"
			}
		},
		{
			"name": "Strings: Escape Sequences",
			"scope": "constant.character.escape",
			"settings": {
				"foreground": "#777777"
			}
		},
		{
			"name": "Strings: Regular Expressions",
			"scope": "string.regexp",
			"settings": {
				"foreground": "#4B83CD"
			}
		},
		{
			"name": "Strings: Symbols",
			"scope": "constant.other.symbol",
			"settings": {
				"foreground": "#AB6526"
			}
		},
		{
			"name": "Punctuation",
			"scope": "punctuation",
			"settings": {
				"foreground": "#777777"
			}
		},
		{
			"name": "Embedded Source",
			"scope": [
				"string source",
				"text source"
			],
			"settings": {
				"fontStyle": "bold"
				//"background": "#EAEBE6"
			}
		},
		{
			"name": "HTML: Doctype Declaration",
			"scope": [
				"meta.tag.sgml.doctype",
				"meta.tag.sgml.doctype string",
				"meta.tag.sgml.doctype entity.name.tag",
				"meta.tag.sgml punctuation.definition.tag.html"
			],
			"settings": {
				"foreground": "#AAAAAA"
			}
		},
		{
			"name": "HTML: Tags",
			"scope": [
				"meta.tag",
				"punctuation.definition.tag.html",
				"punctuation.definition.tag.begin.html",
				"punctuation.definition.tag.end.html"
			],
			"settings": {
				"foreground": "#91B3E0"
			}
		},
		{
			"name": "HTML: Tag Names",
			"scope": "entity.name.tag",
			"settings": {
				"foreground": "#4B83CD"
			}
		},
		{
			"name": "HTML: Attribute Names",
			"scope": [
				"meta.tag entity.other.attribute-name",
				"entity.other.attribute-name.html"
			],
			"settings": {
				"fontStyle": "bold",
				"foreground": "#91B3E0"
			}
		},
		{
			"name": "HTML: Entities",
			"scope": [
				"constant.character.entity",
				"punctuation.definition.entity"
			],
			"settings": {
				"foreground": "#AB6526"
			}
		},
		{
			"name": "CSS: Selectors",
			"scope": [
				"meta.selector",
				"meta.selector entity",
				"meta.selector entity punctuation",
				"entity.name.tag.css"
			],
			"settings": {
				"foreground": "#7A3E9D"
			}
		},
		{
			"name": "CSS: Property Names",
			"scope": [
				"meta.property-name",
				"support.type.property-name"
			],
			"settings": {
				"foreground": "#AB6526"
			}
		},
		{
			"name": "CSS: Property Values",
			"scope": [
				"meta.property-value",
				"meta.property-value constant.other",
				"support.constant.property-value"
			],
			"settings": {
				"foreground": "#727771"
			}
		},
		{
			"name": "CSS: Important Keyword",
			"scope": "keyword.other.important",
			"settings": {
				"fontStyle": "bold"
			}
		},
		{
			"name": "Markup: Changed",
			"scope": "markup.changed",
			"settings": {
				//"background": "#FFFFDD",
				"foreground": "#000000"
			}
		},
		{
			"name": "Markup: Deletion",
			"scope": "markup.deleted",
			"settings": {
				//"background": "#FFDDDD",
				"foreground": "#000000"
			}
		},
		{
			"name": "Markup: Emphasis",
			"scope": "markup.italic",
			"settings": {
				"fontStyle": "italic"
			}
		},
		{
			"name": "Markup: Error",
			"scope": "markup.error",
			"settings": {
				//"background": "#96000014",
				"foreground": "#660000"
			}
		},
		{
			"name": "Markup: Insertion",
			"scope": "markup.inserted",
			"settings": {
				//"background": "#DDFFDD",
				"foreground": "#000000"
			}
		},
		{
			"name": "Markup: Link",
			"scope": "meta.link",
			"settings": {
				"foreground": "#4B83CD"
			}
		},
		{
			"name": "Markup: Output",
			"scope": [
				"markup.output",
				"markup.raw"
			],
			"settings": {
				"foreground": "#777777"
			}
		},
		{
			"name": "Markup: Prompt",
			"scope": "markup.prompt",
			"settings": {
				"foreground": "#777777"
			}
		},
		{
			"name": "Markup: Heading",
			"scope": "markup.heading",
			"settings": {
				"foreground": "#AA3731"
			}
		},
		{
			"name": "Markup: Strong",
			"scope": "markup.bold",
			"settings": {
				"fontStyle": "bold"
			}
		},
		{
			"name": "Markup: Traceback",
			"scope": "markup.traceback",
			"settings": {
				"foreground": "#660000"
			}
		},
		{
			"name": "Markup: Underline",
			"scope": "markup.underline",
			"settings": {
				"fontStyle": "underline"
			}
		},
		{
			"name": "Markup Quote",
			"scope": "markup.quote",
			"settings": {
				"foreground": "#7A3E9D"
			}
		},
		{
			"name": "Markup Lists",
			"scope": "markup.list",
			"settings": {
				"foreground": "#4B83CD"
			}
		},
		{
			"name": "Markup Styling",
			"scope": [
				"markup.bold",
				"markup.italic"
			],
			"settings": {
				"foreground": "#448C27"
			}
		},
		{
			"name": "Markup Inline",
			"scope": "markup.inline.raw",
			"settings": {
				"fontStyle": "",
				"foreground": "#AB6526"
			}
		},
		{
			"name": "Extra: Diff Range",
			"scope": [
				"meta.diff.range",
				"meta.diff.index",
				"meta.separator"
			],
			"settings": {
				//"background": "#DDDDFF",
				"foreground": "#434343"
			}
		},
		{
			"name": "Extra: Diff From",
			"scope": "meta.diff.header.from-file",
			"settings": {
				//"background": "#FFDDDD",
				"foreground": "#434343"
			}
		},
		{
			"name": "Extra: Diff To",
			"scope": "meta.diff.header.to-file",
			"settings": {
				//"background": "#DDFFDD",
				"foreground": "#434343"
			}
		}
	]
}