{
	"action":{"prefix":"action","body":["action"],"description":"attribute\n"},
	"alignment":{"prefix":"alignment","body":["alignment"],"description":"attribute\n"},
	"allow_accept":{"prefix":"allow_accept","body":["allow_accept"],"description":"attribute\n"},
	"aspect_ratio":{"prefix":"aspect_ratio","body":["aspect_ratio"],"description":"attribute\n"},
	"big_increment":{"prefix":"big_increment","body":["big_increment"],"description":"attribute\n"},
	"children_alignment":{"prefix":"children_alignment","body":["children_alignment"],"description":"attribute\n"},
	"children_fixed_height":{"prefix":"children_fixed_height","body":["children_fixed_height"],"description":"attribute\n"},
	"children_fixed_width":{"prefix":"children_fixed_width","body":["children_fixed_width"],"description":"attribute\n"},
	"color":{"prefix":"color","body":["color"],"description":"attribute\n"},
	"edit_limit":{"prefix":"edit_limit","body":["edit_limit"],"description":"attribute\n"},
	"edit_width":{"prefix":"edit_width","body":["edit_width"],"description":"attribute\n"},
	"fixed_height":{"prefix":"fixed_height","body":["fixed_height"],"description":"attribute\n"},
	"fixed_width":{"prefix":"fixed_width","body":["fixed_width"],"description":"attribute\n"},
	"fixed_width_font":{"prefix":"fixed_width_font","body":["fixed_width_font"],"description":"attribute\n"},
	"height":{"prefix":"height","body":["height"],"description":"attribute\n"},
	"initial_focus":{"prefix":"initial_focus","body":["initial_focus"],"description":"attribute\n"},
	"is_bold":{"prefix":"is_bold","body":["is_bold"],"description":"attribute\n"},
	"is_cancel":{"prefix":"is_cancel","body":["is_cancel"],"description":"attribute\n"},
	"is_default":{"prefix":"is_default","body":["is_default"],"description":"attribute\n"},
	"is_enabled":{"prefix":"is_enabled","body":["is_enabled"],"description":"attribute\n"},
	"is_tab_stop":{"prefix":"is_tab_stop","body":["is_tab_stop"],"description":"attribute\n"},
	"key":{"prefix":"key","body":["key"],"description":"attribute\n"},
	"label":{"prefix":"label","body":["label"],"description":"attribute\n"},
	"layout":{"prefix":"layout","body":["layout"],"description":"attribute\n"},
	"list":{"prefix":"list","body":["list"],"description":"attribute\n"},
	"max_value":{"prefix":"max_value","body":["max_value"],"description":"attribute\n"},
	"min_value":{"prefix":"min_value","body":["min_value"],"description":"attribute\n"},
	"mnemonic":{"prefix":"mnemonic","body":["mnemonic"],"description":"attribute\n"},
	"multiple_select":{"prefix":"multiple_select","body":["multiple_select"],"description":"attribute\n"},
	"password_char":{"prefix":"password_char","body":["password_char"],"description":"attribute\n"},
	"small_increment":{"prefix":"small_increment","body":["small_increment"],"description":"attribute\n"},
	"tabs":{"prefix":"tabs","body":["tabs"],"description":"attribute\n"},
	"tab_truncate":{"prefix":"tab_truncate","body":["tab_truncate"],"description":"attribute\n"},
	"value":{"prefix":"value","body":["value"],"description":"attribute\n"},
	"width":{"prefix":"width","body":["width"],"description":"attribute\n"},




	"boxed_column":{"prefix":"boxed_column","body":["boxed_column"],"description":"tile\n"},
	"boxed_radio_column":{"prefix":"boxed_radio_column","body":["boxed_radio_column"],"description":"tile\n"},
	"boxed_radio_row":{"prefix":"boxed_radio_row","body":["boxed_radio_row"],"description":"tile\n"},
	"boxed_row":{"prefix":"boxed_row","body":["boxed_row"],"description":"tile\n"},
	"button":{"prefix":"button","body":["button"],"description":"tile\n"},
	"column":{"prefix":"column","body":["column"],"description":"tile\n"},
	"concatenation":{"prefix":"concatenation","body":["concatenation"],"description":"tile\n"},
	"dialog":{"prefix":"dialog","body":["dialog"],"description":"tile\n"},
	"edit_box":{"prefix":"edit_box","body":["edit_box"],"description":"tile\n"},
	"errtile":{"prefix":"errtile","body":["errtile"],"description":"tile\n"},
	"image":{"prefix":"image","body":["image"],"description":"tile\n"},
	"image_button":{"prefix":"image_button","body":["image_button"],"description":"tile\n"},
	"list_box":{"prefix":"list_box","body":["list_box"],"description":"tile\n"},
	"ok_cancel":{"prefix":"ok_cancel","body":["ok_cancel"],"description":"tile\n"},
	"ok_cancel_help":{"prefix":"ok_cancel_help","body":["ok_cancel_help"],"description":"tile\n"},
	"ok_cancel_help_errtile":{"prefix":"ok_cancel_help_errtile","body":["ok_cancel_help_errtile"],"description":"tile\n"},
	"ok_cancel_help_info":{"prefix":"ok_cancel_help_info","body":["ok_cancel_help_info"],"description":"tile\n"},
	"ok_only":{"prefix":"ok_only","body":["ok_only"],"description":"tile\n"},
	"paragraph":{"prefix":"paragraph","body":["paragraph"],"description":"tile\n"},
	"popup_list":{"prefix":"popup_list","body":["popup_list"],"description":"tile\n"},
	"radio_button":{"prefix":"radio_button","body":["radio_button"],"description":"tile\n"},
	"radio_column":{"prefix":"radio_column","body":["radio_column"],"description":"tile\n"},
	"radio_row":{"prefix":"radio_row","body":["radio_row"],"description":"tile\n"},
	"row":{"prefix":"row","body":["row"],"description":"tile\n"},
	"slider":{"prefix":"slider","body":["slider"],"description":"tile\n"},
	"spacer":{"prefix":"spacer","body":["spacer"],"description":"tile\n"},
	"spacer_0 ":{"prefix":"spacer_0 ","body":["spacer_0 "],"description":"tile\n"},
	"spacer_1 ":{"prefix":"spacer_1 ","body":["spacer_1 "],"description":"tile\n"},
	"text":{"prefix":"text","body":["text"],"description":"tile\n"},
	"toggle":{"prefix":"toggle","body":["toggle"],"description":"tile\n"},




"true":{"prefix":"true","body":["true"],"description":"keyword\n"},
"false":{"prefix":"false","body":["false"],"description":"keyword\n"},
"left":{"prefix":"left","body":["left"],"description":"keyword\n"},
"right":{"prefix":"right","body":["right"],"description":"keyword\n"},
"centered":{"prefix":"centered","body":["centered"],"description":"keyword\n"},
"top":{"prefix":"top","body":["top"],"description":"keyword\n"},
"bottom":{"prefix":"bottom","body":["bottom"],"description":"keyword\n"},
"dialog_line":{"prefix":"dialog_line","body":["dialog_line"],"description":"keyword\n"},
"dialog_foreground":{"prefix":"dialog_foreground","body":["dialog_foreground"],"description":"keyword\n"},
"dialog_background":{"prefix":"dialog_background","body":["dialog_background"],"description":"keyword\n"},
"graphics_background":{"prefix":"graphics_background","body":["graphics_background"],"description":"keyword\n"},
"black":{"prefix":"black","body":["black"],"description":"keyword\n"},
"red":{"prefix":"red","body":["red"],"description":"keyword\n"},
"yellow":{"prefix":"yellow","body":["yellow"],"description":"keyword\n"},
"green":{"prefix":"green","body":["green"],"description":"keyword\n"},
"cyan":{"prefix":"cyan","body":["cyan"],"description":"keyword\n"},
"blue":{"prefix":"blue","body":["blue"],"description":"keyword\n"},
"magenta":{"prefix":"magenta","body":["magenta"],"description":"keyword\n"},
"white":{"prefix":"white","body":["white"],"description":"keyword\n"},
"graphics_foreground":{"prefix":"graphics_foreground","body":["graphics_foreground"],"description":"keyword\n"},
"horizontal":{"prefix":"horizontal","body":["horizontal"],"description":"keyword\n"},
"vertical":{"prefix":"vertical","body":["vertical"],"description":"keyword\n"}
	

	}