{
    "comments": {
        "lineComment": ";",
		"blockComment": [";|", "|;"]
    },
    // symbols used as brackets
    "brackets": [
        ["[", "]"],
        ["(", ")"]
    ],
    // symbols that are auto closed when typing
    "autoClosingPairs": [
        ["[", "]"],
        ["(", ")"],
        ["\"", "\""],
        ["'", "'"],
        { "open": ";|", "close": "|;", "notIn": ["string"] }
    ],
    // symbols that that can be used to surround a selection
    "surroundingPairs": [
        ["[", "]"],
        ["(", ")"],
        ["\"", "\""],
        ["'", "'"]
    ]
}