{
	"$schema": "https://raw.githubusercontent.com/martinring/tmlanguage/master/tmlanguage.json",
	"name": "AutolispDCL",
	"patterns": [
		{
			"include": "#Symbols"
		},
		{
			"include": "#keywords"
		},
		{
			"include": "#strings"
		},
		{
			"include": "#Numerics"
		},
		{
			"include": "#CommentBlock"
		},
		{
			"include": "#Comment"
		}
	],
	"repository": {
		"keywords": {
			"patterns": [
				{
					"name": "operator.autolispdcl",
					"match": "(\\{|\\})"
				},{
					"name": "keyword.autolispdcl",
					"match": "(?<=\\s|:)(action|alignment|allow_accept|aspect_ratio|big_increment|children_alignment|children_fixed_height|children_fixed_width|color|edit_limit|edit_width|fixed_height|fixed_width|fixed_width_font|height|initial_focus|is_bold|is_cancel|is_default|is_enabled|is_tab_stop|key|label|layout|list|max_value|min_value|mnemonic|multiple_select|password_char|small_increment|tabs|tab_truncate|value|width)(?=\\s|;)"
				},
				{
					"name": "keyword.autolispdcl",
					"match": "(?<=\\s|:)(boxed_column|boxed_radio_column|boxed_radio_row|boxed_row|button|column|column|concatenation|dialog|edit_box|errtile|image|image_button|list_box|ok_cancel|ok_cancel_help|ok_cancel_help_errtile|ok_cancel_help_info|ok_only|paragraph|popup_list|radio_button|radio_column|radio_row|row|slider|spacer|spacer_0|spacer_1|text|toggle)(?=\\s|;)"
				}
				,
				{
					"name": "keyword.autolispdcl",
					"match": "(?<=\\s)(true|false|left|right|centered|top|bottom|dialog_line|dialog_foreground|dialog_background|graphics_background|black|red|yellow|green|cyan|blue|magenta|white|graphics_foreground|horizontal|vertical)(?=\\s|;)"
				}
				
			]
		},
		"strings": 
		{
			"name": "string.autolispdcl",
			"begin": "\"",
			"end": "\"",
			"patterns": [
				{
					"name": "string.escape.autolispdcl",
					"match": "\\\\."
				}
			]
		},
		"Comment": 
		{
			"patterns": [
				{
					"name": "comment.autolispdcl",
					"match": "//.*$"
				}
			]
		},
		"CommentBlock": 
		{
			"name": "comment.block.autolispdcl",
			"begin": "/\\*",
			"end": "\\*/",
			"patterns": []
		},
		"Numerics": 
		{
			"patterns": [
				{
					"name": "numeric.autolispdcl",
					"match": "(?<=\\(|\\s|^)([0-9,\\.]+|-[0-9,\\.]+)(?=\\s|;)"
				}
			]
		},
		"Symbols": {
			"patterns": [
				{
					"name": "colon.autolispdcl",
					"match": ":"
				},{
					"name": "semicolon.autolispdcl",
					"match": ";"
				}
			]
		}
	},
	"scopeName": "source.autolispdcl"
}